"store_id","total_revenue"
"8","73670.31000000003"
"5","72366.22000000002"
"10","70602.99"
"7","66709.93999999999"
"4","65537.37999999999"
"3","63820.55999999998"
"6","62993.929999999986"
"9","60614.47000000001"
"2","59664.90000000001"
"1","57247.99999999999"
