"store_id","total_revenue","revenue_rank"
"8","73670.31000000003","1"
"5","72366.22000000002","2"
"10","70602.99","3"
"7","66709.93999999999","4"
"4","65537.37999999999","5"
"3","63820.55999999998","6"
"6","62993.929999999986","7"
"9","60614.47000000001","8"
"2","59664.90000000001","9"
"1","57247.99999999999","10"
